,Description,Processor,RAM,Operating System,Storage,Display,Warranty,Price
0,ASUS ASUS TUF Gaming A17 Ryzen 7 Octa Core 4800H - (16 GB/512 GB SSD/Windows 10 Home/4 GB Graphics/NVI...,AMD Ryzen 5 Hexa Core Processor,16 GB DDR4 RAM,64 bit Windows 10 Operating System,1 TB SSD,39.62 cm (15.6 inch) Display,1 Year Warranty + 1 Year Legion Ultimate Support + 1 Year ADP,"₹1,30,990"
1,ASUS ASUS TUF Gaming A17 Ryzen 7 Octa Core 4800H - (16 GB/512 GB SSD/Windows 10 Home/4 GB Graphics/NVI...,AMD Ryzen 5 Hexa Core Processor,16 GB DDR4 RAM,64 bit Windows 11 Operating System,512 GB SSD,39.62 cm (15.6 inch) Display,1 Year Warranty + 1 Year Premium Care + 1 Year ADP,"₹69,990"
2,ASUS ASUS TUF Gaming A17 Ryzen 7 Octa Core 4800H - (16 GB/512 GB SSD/Windows 10 Home/4 GB Graphics/NVI...,AMD Ryzen 5 Hexa Core Processor,16 GB DDR4 RAM,64 bit Windows 11 Operating System,1 TB HDD,39.62 cm (15.6 inch) Display,1 Year Onsite Warranty,"₹29,990"
3,ASUS ASUS TUF Gaming A17 Ryzen 7 Octa Core 4800H - (16 GB/512 GB SSD/Windows 10 Home/4 GB Graphics/NVI...,AMD Ryzen 5 Hexa Core Processor,16 GB DDR4 RAM,Windows 11 Operating System,256 GB SSD,39.62 cm (15.6 Inch) Display,2 Years Warranty,"₹34,990"
4,ASUS ASUS TUF Gaming A17 Ryzen 7 Octa Core 4800H - (16 GB/512 GB SSD/Windows 10 Home/4 GB Graphics/NVI...,AMD Ryzen 5 Hexa Core Processor,16 GB DDR4 RAM,64 bit Windows 10 Operating System,256 GB SSD,35.56 cm (14 inch) Display,1 Year Onsite Warranty,"₹34,990"
5,ASUS ASUS TUF Gaming A17 Ryzen 7 Octa Core 4800H - (16 GB/512 GB SSD/Windows 10 Home/4 GB Graphics/NVI...,AMD Ryzen 5 Hexa Core Processor,16 GB DDR4 RAM,64 bit Windows 11 Operating System,256 GB SSD,39.62 cm (15.6 inch) Display,1 Year Onsite Warranty,"₹34,990"
6,ASUS ASUS TUF Gaming A17 Ryzen 7 Octa Core 4800H - (16 GB/512 GB SSD/Windows 10 Home/4 GB Graphics/NVI...,AMD Ryzen 5 Hexa Core Processor,16 GB DDR4 RAM,64 bit Windows 11 Operating System,512 GB SSD,39.62 cm (15.6 inch) Display,2 Years Warranty,"₹39,990"
7,ASUS ASUS TUF Gaming A17 Ryzen 7 Octa Core 4800H - (16 GB/512 GB SSD/Windows 10 Home/4 GB Graphics/NVI...,AMD Ryzen 5 Hexa Core Processor,16 GB DDR4 RAM,64 bit Windows 11 Operating System,512 GB SSD,35.56 cm (14 inch) Display,1 Year Onsite Warranty,"₹49,990"
8,ASUS ASUS TUF Gaming A17 Ryzen 7 Octa Core 4800H - (16 GB/512 GB SSD/Windows 10 Home/4 GB Graphics/NVI...,AMD Ryzen 5 Hexa Core Processor,16 GB DDR4 RAM,64 bit Windows 11 Operating System,256 GB SSD,39.62 cm (15.6 Inch) Display,1 Year Onsite Warranty,"₹30,990"
9,ASUS ASUS TUF Gaming A17 Ryzen 7 Octa Core 4800H - (16 GB/512 GB SSD/Windows 10 Home/4 GB Graphics/NVI...,AMD Ryzen 5 Hexa Core Processor,16 GB DDR4 RAM,64 bit Windows 11 Operating System,512 GB SSD,39.62 cm (15.6 inch) Display,1 Year Onsite Warranty,"₹42,490"
10,ASUS ASUS TUF Gaming A17 Ryzen 7 Octa Core 4800H - (16 GB/512 GB SSD/Windows 10 Home/4 GB Graphics/NVI...,AMD Ryzen 5 Hexa Core Processor,16 GB DDR4 RAM,64 bit Windows 11 Operating System,256 GB SSD,35.56 cm (14 inch) Display,1 Year Onsite Warranty,"₹38,990"
11,ASUS ASUS TUF Gaming A17 Ryzen 7 Octa Core 4800H - (16 GB/512 GB SSD/Windows 10 Home/4 GB Graphics/NVI...,AMD Ryzen 5 Hexa Core Processor,16 GB DDR4 RAM,64 bit Windows 10 Operating System,512 GB SSD,39.62 cm (15.6 inch) Display,1 Year Warranty + 1 Year Premium Care + 1 Year ADP,"₹59,990"
12,ASUS ASUS TUF Gaming A17 Ryzen 7 Octa Core 4800H - (16 GB/512 GB SSD/Windows 10 Home/4 GB Graphics/NVI...,AMD Ryzen 5 Hexa Core Processor,16 GB DDR4 RAM,64 bit Windows 11 Operating System,512 GB SSD,39.62 cm (15.6 inch) Display,2 Years Warranty,"₹37,990"
13,ASUS ASUS TUF Gaming A17 Ryzen 7 Octa Core 4800H - (16 GB/512 GB SSD/Windows 10 Home/4 GB Graphics/NVI...,AMD Ryzen 5 Hexa Core Processor,16 GB DDR4 RAM,64 bit Windows 11 Operating System,256 GB SSD,39.62 cm (15.6 inch) Display,1 Year Onsite Warranty,"₹26,990"
14,ASUS ASUS TUF Gaming A17 Ryzen 7 Octa Core 4800H - (16 GB/512 GB SSD/Windows 10 Home/4 GB Graphics/NVI...,AMD Ryzen 5 Hexa Core Processor,16 GB DDR4 RAM,64 bit Windows 11 Operating System,256 GB SSD,39.62 cm (15.6 inch) Display,1 Year Onsite Warranty,"₹37,990"
15,ASUS ASUS TUF Gaming A17 Ryzen 7 Octa Core 4800H - (16 GB/512 GB SSD/Windows 10 Home/4 GB Graphics/NVI...,AMD Ryzen 5 Hexa Core Processor,16 GB DDR4 RAM,64 bit Windows 10 Operating System,256 GB SSD,35.56 cm (14 inch) Display,1 Year Warranty,"₹29,990"
16,ASUS ASUS TUF Gaming A17 Ryzen 7 Octa Core 4800H - (16 GB/512 GB SSD/Windows 10 Home/4 GB Graphics/NVI...,AMD Ryzen 5 Hexa Core Processor,16 GB DDR4 RAM,64 bit Windows 11 Operating System,1 TB HDD|256 GB SSD,39.62 cm (15.6 inch) Display,1 Year Onsite Warranty,"₹39,990"
17,ASUS ASUS TUF Gaming A17 Ryzen 7 Octa Core 4800H - (16 GB/512 GB SSD/Windows 10 Home/4 GB Graphics/NVI...,AMD Ryzen 5 Hexa Core Processor,16 GB DDR4 RAM,64 bit Windows 11 Operating System,1 TB HDD|256 GB SSD,39.62 cm (15.6 inch) Display,1 Year Onsite Warranty,"₹39,990"
18,ASUS ASUS TUF Gaming A17 Ryzen 7 Octa Core 4800H - (16 GB/512 GB SSD/Windows 10 Home/4 GB Graphics/NVI...,AMD Ryzen 5 Hexa Core Processor,16 GB DDR4 RAM,64 bit Windows 11 Operating System,256 GB SSD,35.56 cm (14 inch) Display,1 year Onsite Warranty,"₹29,990"
19,ASUS ASUS TUF Gaming A17 Ryzen 7 Octa Core 4800H - (16 GB/512 GB SSD/Windows 10 Home/4 GB Graphics/NVI...,AMD Ryzen 5 Hexa Core Processor,16 GB DDR4 RAM,64 bit DOS Operating System,512 GB SSD,35.56 cm (14 inch) Display,1 Year Onsite Warranty,"₹56,990"
20,ASUS ASUS TUF Gaming A17 Ryzen 7 Octa Core 4800H - (16 GB/512 GB SSD/Windows 10 Home/4 GB Graphics/NVI...,AMD Ryzen 5 Hexa Core Processor,16 GB DDR4 RAM,64 bit Windows 11 Operating System,512 GB SSD,39.62 cm (15.6 inch) Display,1 Year Onsite Warranty,"₹36,990"
21,ASUS ASUS TUF Gaming A17 Ryzen 7 Octa Core 4800H - (16 GB/512 GB SSD/Windows 10 Home/4 GB Graphics/NVI...,AMD Ryzen 5 Hexa Core Processor,16 GB DDR4 RAM,64 bit Windows 11 Operating System,512 GB SSD,35.56 cm (14 inch) Display,1 Year Onsite Warranty,"₹55,990"
22,ASUS ASUS TUF Gaming A17 Ryzen 7 Octa Core 4800H - (16 GB/512 GB SSD/Windows 10 Home/4 GB Graphics/NVI...,AMD Ryzen 5 Hexa Core Processor,16 GB DDR4 RAM,64 bit Windows 10 Operating System,512 GB SSD,35.56 cm (14 inch) Display,1 Year On-Site Warranty,"₹35,990"
23,ASUS ASUS TUF Gaming A17 Ryzen 7 Octa Core 4800H - (16 GB/512 GB SSD/Windows 10 Home/4 GB Graphics/NVI...,AMD Ryzen 5 Hexa Core Processor,16 GB DDR4 RAM,64 bit Windows 10 Operating System,512 GB SSD,39.62 cm (15.6 inch) Display,1 Year Warranty + 1 Year Premium Care + 1 Year ADP,"₹88,990"
24,ASUS ASUS TUF Gaming A17 Ryzen 7 Octa Core 4800H - (16 GB/512 GB SSD/Windows 10 Home/4 GB Graphics/NVI...,AMD Ryzen 5 Hexa Core Processor,16 GB DDR4 RAM,64 bit Windows 11 Operating System,256 GB SSD,35.56 cm (14 inch) Display,2 Years Warranty,"₹35,990"
25,ASUS ASUS TUF Gaming A17 Ryzen 7 Octa Core 4800H - (16 GB/512 GB SSD/Windows 10 Home/4 GB Graphics/NVI...,AMD Ryzen 5 Hexa Core Processor,16 GB DDR4 RAM,64 bit Windows 11 Operating System,256 GB SSD,35.56 cm (14 inch) Display,1 Year Onsite Warranty,"₹25,990"
26,ASUS ASUS TUF Gaming A17 Ryzen 7 Octa Core 4800H - (16 GB/512 GB SSD/Windows 10 Home/4 GB Graphics/NVI...,AMD Ryzen 5 Hexa Core Processor,16 GB DDR4 RAM,64 bit Windows 11 Operating System,256 GB SSD,35.56 cm (14 Inch) Display,1 Year Onsite Warranty,"₹34,990"
27,ASUS ASUS TUF Gaming A17 Ryzen 7 Octa Core 4800H - (16 GB/512 GB SSD/Windows 10 Home/4 GB Graphics/NVI...,AMD Ryzen 5 Hexa Core Processor,16 GB DDR4 RAM,Windows 10 Operating System,512 GB SSD,43.94 cm (17.3 inch) Display,1 Year Onsite Warranty,"₹73,990"
28,ASUS ASUS TUF Gaming A17 Ryzen 7 Octa Core 4800H - (16 GB/512 GB SSD/Windows 10 Home/4 GB Graphics/NVI...,AMD Ryzen 5 Hexa Core Processor,16 GB DDR4 RAM,Windows 10 Operating System,1 TB HDD|256 GB SSD,39.62 cm (15.6 inch) Display,1 Year Onsite Warranty,"₹47,990"
29,ASUS ASUS TUF Gaming A17 Ryzen 7 Octa Core 4800H - (16 GB/512 GB SSD/Windows 10 Home/4 GB Graphics/NVI...,AMD Ryzen 5 Hexa Core Processor,16 GB DDR4 RAM,Windows 10 Operating System,256 GB SSD,39.62 cm (15.6 inch) Display,1 Year Onsite Warranty,"₹34,999"
30,ASUS ASUS TUF Gaming A17 Ryzen 7 Octa Core 4800H - (16 GB/512 GB SSD/Windows 10 Home/4 GB Graphics/NVI...,AMD Ryzen 5 Hexa Core Processor,16 GB DDR4 RAM,64 bit Windows 11 Operating System,1 TB HDD|256 GB SSD,39.62 cm (15.6 inch) Display,1 Year Onsite Warranty,"₹39,990"
31,ASUS ASUS TUF Gaming A17 Ryzen 7 Octa Core 4800H - (16 GB/512 GB SSD/Windows 10 Home/4 GB Graphics/NVI...,AMD Ryzen 5 Hexa Core Processor,16 GB DDR4 RAM,64 bit Windows 10 Operating System,1 TB SSD,35.56 cm (14 Inch) Display,1 Year Onsite Warranty,"₹99,990"
32,ASUS ASUS TUF Gaming A17 Ryzen 7 Octa Core 4800H - (16 GB/512 GB SSD/Windows 10 Home/4 GB Graphics/NVI...,AMD Ryzen 5 Hexa Core Processor,16 GB DDR4 RAM,64 bit Windows 11 Operating System,1 TB HDD|256 GB SSD,39.62 cm (15.6 Inch) Display,1 Year Onsite Warranty,"₹45,490"
33,ASUS ASUS TUF Gaming A17 Ryzen 7 Octa Core 4800H - (16 GB/512 GB SSD/Windows 10 Home/4 GB Graphics/NVI...,AMD Ryzen 5 Hexa Core Processor,16 GB DDR4 RAM,64 bit Windows 10 Operating System,1 TB HDD|256 GB SSD,35.56 cm (14 inch) Display,1 Year Onsite Warranty,"₹49,990"
34,ASUS ASUS TUF Gaming A17 Ryzen 7 Octa Core 4800H - (16 GB/512 GB SSD/Windows 10 Home/4 GB Graphics/NVI...,AMD Ryzen 5 Hexa Core Processor,16 GB DDR4 RAM,64 bit Windows 11 Operating System,256 GB SSD,38.0 cm (14.96 Inch) Display,1 Year Onsite Warranty,"₹35,990"
35,ASUS ASUS TUF Gaming A17 Ryzen 7 Octa Core 4800H - (16 GB/512 GB SSD/Windows 10 Home/4 GB Graphics/NVI...,AMD Ryzen 5 Hexa Core Processor,16 GB DDR4 RAM,64 bit Windows 11 Operating System,512 GB SSD,39.62 cm (15.6 Inch) Display,1 Year Onsite Warranty,"₹1,06,990"
36,ASUS ASUS TUF Gaming A17 Ryzen 7 Octa Core 4800H - (16 GB/512 GB SSD/Windows 10 Home/4 GB Graphics/NVI...,AMD Ryzen 5 Hexa Core Processor,16 GB DDR4 RAM,64 bit Windows 11 Operating System,512 GB SSD,39.62 cm (15.6 inch) Display,1 Year International Travelers Warranty (ITW),"₹35,990"
37,ASUS ASUS TUF Gaming A17 Ryzen 7 Octa Core 4800H - (16 GB/512 GB SSD/Windows 10 Home/4 GB Graphics/NVI...,AMD Ryzen 5 Hexa Core Processor,16 GB DDR4 RAM,64 bit Windows 11 Operating System,256 GB SSD,39.62 cm (15.6 inch) Display,1 Year International Travelers Warranty (ITW),"₹31,990"
38,ASUS ASUS TUF Gaming A17 Ryzen 7 Octa Core 4800H - (16 GB/512 GB SSD/Windows 10 Home/4 GB Graphics/NVI...,AMD Ryzen 5 Hexa Core Processor,16 GB DDR4 RAM,64 bit Windows 11 Operating System,512 GB SSD,39.62 cm (15.6 inch) Display,1 Year Onsite Warranty,"₹48,490"
39,ASUS ASUS TUF Gaming A17 Ryzen 7 Octa Core 4800H - (16 GB/512 GB SSD/Windows 10 Home/4 GB Graphics/NVI...,AMD Ryzen 5 Hexa Core Processor,16 GB DDR4 RAM,64 bit Windows 10 Operating System,1 TB SSD,35.56 cm (14 inch) Display,1 Year Onsite Warranty,"₹72,990"
40,ASUS ASUS TUF Gaming A17 Ryzen 7 Octa Core 4800H - (16 GB/512 GB SSD/Windows 10 Home/4 GB Graphics/NVI...,AMD Ryzen 5 Hexa Core Processor,16 GB DDR4 RAM,64 bit Windows 11 Operating System,256 GB SSD,35.56 cm (14 Inch) Display,1 Year International Travelers Warranty (ITW),"₹24,990"
41,ASUS ASUS TUF Gaming A17 Ryzen 7 Octa Core 4800H - (16 GB/512 GB SSD/Windows 10 Home/4 GB Graphics/NVI...,AMD Ryzen 5 Hexa Core Processor,16 GB DDR4 RAM,64 bit Windows 10 Operating System,512 GB SSD,39.62 cm (15.6 Inch) Display,1 Year Onsite Warranty,"₹59,990"
42,ASUS ASUS TUF Gaming A17 Ryzen 7 Octa Core 4800H - (16 GB/512 GB SSD/Windows 10 Home/4 GB Graphics/NVI...,AMD Ryzen 5 Hexa Core Processor,16 GB DDR4 RAM,64 bit Windows 10 Operating System,512 GB SSD,35.56 cm (14 Inch) Display,1 Year Onsite Warranty,"₹41,999"
43,ASUS ASUS TUF Gaming A17 Ryzen 7 Octa Core 4800H - (16 GB/512 GB SSD/Windows 10 Home/4 GB Graphics/NVI...,AMD Ryzen 5 Hexa Core Processor,16 GB DDR4 RAM,64 bit Windows 10 Operating System,512 GB SSD,35.56 cm (14 inch) Display,1 Year Onsite Warranty,"₹79,990"
44,ASUS ASUS TUF Gaming A17 Ryzen 7 Octa Core 4800H - (16 GB/512 GB SSD/Windows 10 Home/4 GB Graphics/NVI...,AMD Ryzen 5 Hexa Core Processor,16 GB DDR4 RAM,64 bit Windows 11 Operating System,1 TB HDD|256 GB SSD,35.56 cm (14 inch) Display,1 Year Onsite Warranty,"₹49,990"
45,ASUS ASUS TUF Gaming A17 Ryzen 7 Octa Core 4800H - (16 GB/512 GB SSD/Windows 10 Home/4 GB Graphics/NVI...,AMD Ryzen 5 Hexa Core Processor,16 GB DDR4 RAM,64 bit Windows 11 Operating System,512 GB SSD,39.62 cm (15.6 inch) Display,1 Year Onsite Warranty,"₹53,990"
46,ASUS ASUS TUF Gaming A17 Ryzen 7 Octa Core 4800H - (16 GB/512 GB SSD/Windows 10 Home/4 GB Graphics/NVI...,AMD Ryzen 5 Hexa Core Processor,16 GB DDR4 RAM,64 bit Windows 11 Operating System,256 GB SSD,35.56 cm (14 inch) Display,1 Year Warranty,"₹27,990"
47,ASUS ASUS TUF Gaming A17 Ryzen 7 Octa Core 4800H - (16 GB/512 GB SSD/Windows 10 Home/4 GB Graphics/NVI...,AMD Ryzen 5 Hexa Core Processor,16 GB DDR4 RAM,64 bit Windows 10 Operating System,512 GB SSD,35.56 cm (14 inch) Display,1 Year Onsite Warranty,"₹79,990"
48,ASUS ASUS TUF Gaming A17 Ryzen 7 Octa Core 4800H - (16 GB/512 GB SSD/Windows 10 Home/4 GB Graphics/NVI...,AMD Ryzen 5 Hexa Core Processor,16 GB DDR4 RAM,64 bit Windows 11 Operating System,512 GB SSD,35.56 cm (14 inch) Display,1 Year Onsite Warranty,"₹42,990"
49,ASUS ASUS TUF Gaming A17 Ryzen 7 Octa Core 4800H - (16 GB/512 GB SSD/Windows 10 Home/4 GB Graphics/NVI...,AMD Ryzen 5 Hexa Core Processor,16 GB DDR4 RAM,64 bit Windows 10 Operating System,512 GB SSD,39.62 cm (15.6 inch) Display,2 Year On-Site Warranty,"₹65,990"
50,ASUS ASUS TUF Gaming A17 Ryzen 7 Octa Core 4800H - (16 GB/512 GB SSD/Windows 10 Home/4 GB Graphics/NVI...,AMD Ryzen 5 Hexa Core Processor,16 GB DDR4 RAM,64 bit Windows 11 Operating System,"PCI-e SSD (NVMe) ready,Cooler Boost,Matrix Display (Extend),Hi-Res Audio,Nahimic 3,144Hz Panel,Thin Bezel",39.62 cm (15.6 Inch) Display,1 Year Onsite Warranty,"₹60,990"
51,ASUS ASUS TUF Gaming A17 Ryzen 7 Octa Core 4800H - (16 GB/512 GB SSD/Windows 10 Home/4 GB Graphics/NVI...,AMD Ryzen 5 Hexa Core Processor,16 GB DDR4 RAM,64 bit Windows 10 Operating System,512 GB SSD,39.62 cm (15.6 inch) Display,1 Year Onsite Warranty,"₹75,990"
52,ASUS ASUS TUF Gaming A17 Ryzen 7 Octa Core 4800H - (16 GB/512 GB SSD/Windows 10 Home/4 GB Graphics/NVI...,AMD Ryzen 5 Hexa Core Processor,16 GB DDR4 RAM,64 bit Windows 10 Operating System,512 GB SSD,39.62 cm (15.6 inch) Display,1 Year Onsite Warranty,"₹30,990"
53,ASUS ASUS TUF Gaming A17 Ryzen 7 Octa Core 4800H - (16 GB/512 GB SSD/Windows 10 Home/4 GB Graphics/NVI...,AMD Ryzen 5 Hexa Core Processor,16 GB DDR4 RAM,64 bit Windows 11 Operating System,256 GB SSD,35.56 cm (14 inch) Display,1 Year Onsite Warranty1 Year Onsite Warranty,"₹35,990"
54,ASUS ASUS TUF Gaming A17 Ryzen 7 Octa Core 4800H - (16 GB/512 GB SSD/Windows 10 Home/4 GB Graphics/NVI...,AMD Ryzen 5 Hexa Core Processor,16 GB DDR4 RAM,64 bit Windows 11 Operating System,256 GB SSD,35.56 cm (14 inch) Display,1 Year Onsite Warranty,"₹33,990"
55,ASUS ASUS TUF Gaming A17 Ryzen 7 Octa Core 4800H - (16 GB/512 GB SSD/Windows 10 Home/4 GB Graphics/NVI...,AMD Ryzen 5 Hexa Core Processor,16 GB DDR4 RAM,Windows 10 Operating System,1 TB HDD,39.62 cm (15.6 inch) Display,1 Year Onsite Warranty,"₹96,990"
56,ASUS ASUS TUF Gaming A17 Ryzen 7 Octa Core 4800H - (16 GB/512 GB SSD/Windows 10 Home/4 GB Graphics/NVI...,AMD Ryzen 5 Hexa Core Processor,16 GB DDR4 RAM,Windows 10 Operating System,512 GB SSD,43.94 cm (17.3 inch) Display,1 Year International Travelers Warranty (ITW),"₹73,990"
57,ASUS ASUS TUF Gaming A17 Ryzen 7 Octa Core 4800H - (16 GB/512 GB SSD/Windows 10 Home/4 GB Graphics/NVI...,AMD Ryzen 5 Hexa Core Processor,16 GB DDR4 RAM,64 bit Windows 11 Operating System,512 GB SSD,39.62 cm (15.6 inch) Display,1 Year On-Site Warranty,"₹41,990"
58,ASUS ASUS TUF Gaming A17 Ryzen 7 Octa Core 4800H - (16 GB/512 GB SSD/Windows 10 Home/4 GB Graphics/NVI...,AMD Ryzen 5 Hexa Core Processor,16 GB DDR4 RAM,64 bit Windows 10 Operating System,512 GB SSD,35.56 cm (14 inch) Display,1 Year Onsite Warranty,"₹44,990"
59,ASUS ASUS TUF Gaming A17 Ryzen 7 Octa Core 4800H - (16 GB/512 GB SSD/Windows 10 Home/4 GB Graphics/NVI...,AMD Ryzen 5 Hexa Core Processor,16 GB DDR4 RAM,64 bit Windows 11 Operating System,512 GB SSD,40.89 cm (16.1 Inch) Display,1 Year Warranty Term,"₹1,22,804"
60,ASUS ASUS TUF Gaming A17 Ryzen 7 Octa Core 4800H - (16 GB/512 GB SSD/Windows 10 Home/4 GB Graphics/NVI...,AMD Ryzen 5 Hexa Core Processor,16 GB DDR4 RAM,64 bit Windows 10 Operating System,512 GB SSD,39.62 cm (15.6 inch) Display,1 Year International Travelers Warranty (ITW),"₹36,990"
61,ASUS ASUS TUF Gaming A17 Ryzen 7 Octa Core 4800H - (16 GB/512 GB SSD/Windows 10 Home/4 GB Graphics/NVI...,AMD Ryzen 5 Hexa Core Processor,16 GB DDR4 RAM,64 bit Windows 11 Operating System,1 TB HDD,39.62 cm (15.6 inch) Display,1 Year Onsite Warranty,"₹49,990"
62,ASUS ASUS TUF Gaming A17 Ryzen 7 Octa Core 4800H - (16 GB/512 GB SSD/Windows 10 Home/4 GB Graphics/NVI...,AMD Ryzen 5 Hexa Core Processor,16 GB DDR4 RAM,64 bit Windows 10 Operating System,512 GB SSD,39.62 cm (15.6 inch) Display,1 Year Onsite Warranty,"₹41,490"
63,ASUS ASUS TUF Gaming A17 Ryzen 7 Octa Core 4800H - (16 GB/512 GB SSD/Windows 10 Home/4 GB Graphics/NVI...,AMD Ryzen 5 Hexa Core Processor,16 GB DDR4 RAM,64 bit Windows 10 Operating System,1 TB HDD|256 GB SSD,35.56 cm (14 Inch) Display,2 Years Warranty,"₹99,990"
64,ASUS ASUS TUF Gaming A17 Ryzen 7 Octa Core 4800H - (16 GB/512 GB SSD/Windows 10 Home/4 GB Graphics/NVI...,AMD Ryzen 5 Hexa Core Processor,16 GB DDR4 RAM,Windows 10 Operating System,1 TB SSD,39.62 cm (15.6 Inch) Display,1 Year Warranty + 1 Year Premium Care + 1 Year ADP,"₹48,490"
65,ASUS ASUS TUF Gaming A17 Ryzen 7 Octa Core 4800H - (16 GB/512 GB SSD/Windows 10 Home/4 GB Graphics/NVI...,AMD Ryzen 5 Hexa Core Processor,16 GB DDR4 RAM,64 bit Windows 10 Operating System,512 GB SSD,39.62 cm (15.6 Inch) Display,1 Year Onsite Warranty,"₹62,490"
66,ASUS ASUS TUF Gaming A17 Ryzen 7 Octa Core 4800H - (16 GB/512 GB SSD/Windows 10 Home/4 GB Graphics/NVI...,AMD Ryzen 5 Hexa Core Processor,16 GB DDR4 RAM,Windows 10 Operating System,512 GB SSD,39.62 cm (15.6 inch) Display,1 Year Onsite Warranty,"₹44,999"
67,ASUS ASUS TUF Gaming A17 Ryzen 7 Octa Core 4800H - (16 GB/512 GB SSD/Windows 10 Home/4 GB Graphics/NVI...,AMD Ryzen 5 Hexa Core Processor,16 GB DDR4 RAM,64 bit Windows 10 Operating System,512 GB SSD,35.56 cm (14 inch) Display,2 Years Warranty,"₹72,990"
68,ASUS ASUS TUF Gaming A17 Ryzen 7 Octa Core 4800H - (16 GB/512 GB SSD/Windows 10 Home/4 GB Graphics/NVI...,AMD Ryzen 5 Hexa Core Processor,16 GB DDR4 RAM,64 bit Windows 11 Operating System,1 TB SSD,35.56 cm (14 Inch) Display,1 Year Onsite Warranty,"₹42,990"
69,ASUS ASUS TUF Gaming A17 Ryzen 7 Octa Core 4800H - (16 GB/512 GB SSD/Windows 10 Home/4 GB Graphics/NVI...,AMD Ryzen 5 Hexa Core Processor,16 GB DDR4 RAM,64 bit Windows 11 Operating System,512 GB SSD,35.56 cm (14 inch) Touchscreen Display,1 year Onsite Warranty,"₹46,990"
70,ASUS ASUS TUF Gaming A17 Ryzen 7 Octa Core 4800H - (16 GB/512 GB SSD/Windows 10 Home/4 GB Graphics/NVI...,AMD Ryzen 5 Hexa Core Processor,16 GB DDR4 RAM,64 bit Windows 11 Operating System,256 GB SSD,35.56 cm (14 inch) Display,1 Year Onsite Warranty,"₹39,990"
71,ASUS ASUS TUF Gaming A17 Ryzen 7 Octa Core 4800H - (16 GB/512 GB SSD/Windows 10 Home/4 GB Graphics/NVI...,AMD Ryzen 5 Hexa Core Processor,16 GB DDR4 RAM,64 bit Windows 11 Operating System,512 GB SSD,39.62 cm (15.6 Inch) Display,1 Year Onsite Warranty,"₹1,06,990"
72,ASUS ASUS TUF Gaming A17 Ryzen 7 Octa Core 4800H - (16 GB/512 GB SSD/Windows 10 Home/4 GB Graphics/NVI...,AMD Ryzen 5 Hexa Core Processor,16 GB DDR4 RAM,64 bit Windows 11 Operating System,512 GB SSD,35.56 cm (14 Inch) Display,1 Year International Travelers Warranty (ITW),"₹29,990"
73,ASUS ASUS TUF Gaming A17 Ryzen 7 Octa Core 4800H - (16 GB/512 GB SSD/Windows 10 Home/4 GB Graphics/NVI...,AMD Ryzen 5 Hexa Core Processor,16 GB DDR4 RAM,64 bit Windows 11 Operating System,256 GB SSD,39.62 cm (15.6 inch) Display,1 Year Onsite Warranty,"₹48,990"
74,ASUS ASUS TUF Gaming A17 Ryzen 7 Octa Core 4800H - (16 GB/512 GB SSD/Windows 10 Home/4 GB Graphics/NVI...,AMD Ryzen 5 Hexa Core Processor,16 GB DDR4 RAM,64 bit Windows 10 Operating System,1 TB HDD|256 GB SSD,39.62 cm (15.6 inch) Display,1 Year International Travelers Warranty (ITW),"₹60,990"
75,ASUS ASUS TUF Gaming A17 Ryzen 7 Octa Core 4800H - (16 GB/512 GB SSD/Windows 10 Home/4 GB Graphics/NVI...,AMD Ryzen 5 Hexa Core Processor,16 GB DDR4 RAM,64 bit Windows 10 Operating System,1 TB HDD|256 GB SSD,39.62 cm (15.6 inch) Display,1 Year Onsite Warranty,"₹75,990"
76,ASUS ASUS TUF Gaming A17 Ryzen 7 Octa Core 4800H - (16 GB/512 GB SSD/Windows 10 Home/4 GB Graphics/NVI...,AMD Ryzen 5 Hexa Core Processor,16 GB DDR4 RAM,64 bit Windows 11 Operating System,512 GB SSD,39.62 cm (15.6 Inch) Display,1 Year Onsite Warranty,"₹60,990"
77,ASUS ASUS TUF Gaming A17 Ryzen 7 Octa Core 4800H - (16 GB/512 GB SSD/Windows 10 Home/4 GB Graphics/NVI...,AMD Ryzen 5 Hexa Core Processor,16 GB DDR4 RAM,64 bit Windows 11 Operating System,512 GB SSD,39.62 cm (15.6 Inch) Display,1 Year Onsite Warranty,"₹49,990"
78,ASUS ASUS TUF Gaming A17 Ryzen 7 Octa Core 4800H - (16 GB/512 GB SSD/Windows 10 Home/4 GB Graphics/NVI...,AMD Ryzen 5 Hexa Core Processor,16 GB DDR4 RAM,64 bit Windows 11 Operating System,512 GB SSD,39.62 cm (15.6 Inch) Display,2 Years Warranty,"₹59,990"
79,ASUS ASUS TUF Gaming A17 Ryzen 7 Octa Core 4800H - (16 GB/512 GB SSD/Windows 10 Home/4 GB Graphics/NVI...,AMD Ryzen 5 Hexa Core Processor,16 GB DDR4 RAM,64 bit Windows 10 Operating System,512 GB SSD,35.56 cm (14 inch) Display,1 Year Onsite Warranty,"₹72,990"
80,ASUS ASUS TUF Gaming A17 Ryzen 7 Octa Core 4800H - (16 GB/512 GB SSD/Windows 10 Home/4 GB Graphics/NVI...,AMD Ryzen 5 Hexa Core Processor,16 GB DDR4 RAM,64 bit Windows 11 Operating System,1 TB SSD,39.62 cm (15.6 inch) Display,1 Year Onsite Warranty,"₹56,990"
81,ASUS ASUS TUF Gaming A17 Ryzen 7 Octa Core 4800H - (16 GB/512 GB SSD/Windows 10 Home/4 GB Graphics/NVI...,AMD Ryzen 5 Hexa Core Processor,16 GB DDR4 RAM,32 bit Windows 11 Operating System,512 GB SSD,35.56 cm (14 inch) Display,1 Year Onsite Warranty,"₹43,990"
82,ASUS ASUS TUF Gaming A17 Ryzen 7 Octa Core 4800H - (16 GB/512 GB SSD/Windows 10 Home/4 GB Graphics/NVI...,AMD Ryzen 5 Hexa Core Processor,16 GB DDR4 RAM,64 bit Windows 10 Operating System,512 GB SSD,39.62 cm (15.6 inch) Display,1 Year Warranty,"₹51,990"
83,ASUS ASUS TUF Gaming A17 Ryzen 7 Octa Core 4800H - (16 GB/512 GB SSD/Windows 10 Home/4 GB Graphics/NVI...,AMD Ryzen 5 Hexa Core Processor,16 GB DDR4 RAM,64 bit Windows 10 Operating System,512 GB SSD,35.56 cm (14 inch) Display,1 Year Onsite Warranty,"₹79,990"
84,ASUS ASUS TUF Gaming A17 Ryzen 7 Octa Core 4800H - (16 GB/512 GB SSD/Windows 10 Home/4 GB Graphics/NVI...,AMD Ryzen 5 Hexa Core Processor,16 GB DDR4 RAM,64 bit Windows 11 Operating System,512 GB SSD,35.56 cm (14 Inch) Display,1 Year Onsite Warranty,"₹74,990"
85,ASUS ASUS TUF Gaming A17 Ryzen 7 Octa Core 4800H - (16 GB/512 GB SSD/Windows 10 Home/4 GB Graphics/NVI...,AMD Ryzen 5 Hexa Core Processor,16 GB DDR4 RAM,64 bit Windows 11 Operating System,512 GB SSD,35.56 cm (14 inch) Display,1 Year Onsite Warranty,"₹31,999"
86,ASUS ASUS TUF Gaming A17 Ryzen 7 Octa Core 4800H - (16 GB/512 GB SSD/Windows 10 Home/4 GB Graphics/NVI...,AMD Ryzen 5 Hexa Core Processor,16 GB DDR4 RAM,64 bit Windows 10 Operating System,256 GB SSD,35.56 cm (14 inch) Display,1 Year Onsite Warranty,"₹29,990"
87,ASUS ASUS TUF Gaming A17 Ryzen 7 Octa Core 4800H - (16 GB/512 GB SSD/Windows 10 Home/4 GB Graphics/NVI...,AMD Ryzen 5 Hexa Core Processor,16 GB DDR4 RAM,Windows 10 Operating System,256 GB SSD,43.94 cm (17.3 inch) Display,1 Year Onsite Warranty,"₹73,990"
88,ASUS ASUS TUF Gaming A17 Ryzen 7 Octa Core 4800H - (16 GB/512 GB SSD/Windows 10 Home/4 GB Graphics/NVI...,AMD Ryzen 5 Hexa Core Processor,16 GB DDR4 RAM,64 bit Windows 11 Operating System,512 GB SSD,35.56 cm (14 Inch) Display,1 Year onsite Warranty,"₹74,990"
89,ASUS ASUS TUF Gaming A17 Ryzen 7 Octa Core 4800H - (16 GB/512 GB SSD/Windows 10 Home/4 GB Graphics/NVI...,AMD Ryzen 5 Hexa Core Processor,16 GB DDR4 RAM,64 bit Windows 10 Operating System,512 GB SSD,39.62 cm (15.6 inch) Display,1 Year Onsite Warranty,"₹34,990"
90,ASUS ASUS TUF Gaming A17 Ryzen 7 Octa Core 4800H - (16 GB/512 GB SSD/Windows 10 Home/4 GB Graphics/NVI...,AMD Ryzen 5 Hexa Core Processor,16 GB DDR4 RAM,64 bit Windows 11 Operating System,256 GB SSD,39.62 cm (15.6 inch) Display,1 Year Onsite Warranty,"₹54,990"
91,ASUS ASUS TUF Gaming A17 Ryzen 7 Octa Core 4800H - (16 GB/512 GB SSD/Windows 10 Home/4 GB Graphics/NVI...,AMD Ryzen 5 Hexa Core Processor,16 GB DDR4 RAM,Windows 10 Operating System,1 TB HDD|256 GB SSD,39.62 cm (15.6 inch) Display,1 Year Onsite Warranty,"₹96,990"
92,ASUS ASUS TUF Gaming A17 Ryzen 7 Octa Core 4800H - (16 GB/512 GB SSD/Windows 10 Home/4 GB Graphics/NVI...,AMD Ryzen 5 Hexa Core Processor,16 GB DDR4 RAM,64 bit Windows 11 Operating System,512 GB SSD,35.56 cm (14 inch) Display,1 Year International Travelers Warranty (ITW),"₹57,999"
93,ASUS ASUS TUF Gaming A17 Ryzen 7 Octa Core 4800H - (16 GB/512 GB SSD/Windows 10 Home/4 GB Graphics/NVI...,AMD Ryzen 5 Hexa Core Processor,16 GB DDR4 RAM,Windows 11 Operating System,512 GB SSD,35.56 cm (14 inch) Display,1 Year Warranty + 1 Year Premium Care + 1 Year ADP,"₹94,990"
94,ASUS ASUS TUF Gaming A17 Ryzen 7 Octa Core 4800H - (16 GB/512 GB SSD/Windows 10 Home/4 GB Graphics/NVI...,AMD Ryzen 5 Hexa Core Processor,16 GB DDR4 RAM,64 bit Windows 11 Operating System,512 GB SSD,33.78 cm (13.3 Inch) Display,1 Year Onsite Warranty,"₹84,990"
95,ASUS ASUS TUF Gaming A17 Ryzen 7 Octa Core 4800H - (16 GB/512 GB SSD/Windows 10 Home/4 GB Graphics/NVI...,AMD Ryzen 5 Hexa Core Processor,16 GB DDR4 RAM,64 bit Windows 10 Operating System,512 GB SSD,35.56 cm (14 Inch) Display,1 Year Warranty + 1 Year Legion Ultimate Support + 1 Year ADP,"₹99,990"
96,ASUS ASUS TUF Gaming A17 Ryzen 7 Octa Core 4800H - (16 GB/512 GB SSD/Windows 10 Home/4 GB Graphics/NVI...,AMD Ryzen 5 Hexa Core Processor,16 GB DDR4 RAM,64 bit Windows 10 Operating System,1 TB SSD,39.62 cm (15.6 inch) Display,1 Year Onsite Warranty,"₹80,990"
97,ASUS ASUS TUF Gaming A17 Ryzen 7 Octa Core 4800H - (16 GB/512 GB SSD/Windows 10 Home/4 GB Graphics/NVI...,AMD Ryzen 5 Hexa Core Processor,16 GB DDR4 RAM,64 bit Windows 11 Operating System,1 TB HDD|256 GB SSD,35.56 cm (14 Inch) Touchscreen Display,1 Year Onsite Warranty,"₹61,990"
98,ASUS ASUS TUF Gaming A17 Ryzen 7 Octa Core 4800H - (16 GB/512 GB SSD/Windows 10 Home/4 GB Graphics/NVI...,AMD Ryzen 5 Hexa Core Processor,16 GB DDR4 RAM,64 bit Windows 11 Operating System,512 GB SSD,39.62 cm (15.6 Inch) Display,1 Year Onsite Warranty,"₹45,490"
99,ASUS ASUS TUF Gaming A17 Ryzen 7 Octa Core 4800H - (16 GB/512 GB SSD/Windows 10 Home/4 GB Graphics/NVI...,AMD Ryzen 5 Hexa Core Processor,16 GB DDR4 RAM,64 bit Windows 10 Operating System,1 TB HDD|256 GB SSD,39.62 cm (15.6 inch) Display,2 Years Warranty,"₹1,30,990"
100,ASUS ASUS TUF Gaming A17 Ryzen 7 Octa Core 4800H - (16 GB/512 GB SSD/Windows 10 Home/4 GB Graphics/NVI...,AMD Ryzen 5 Hexa Core Processor,16 GB DDR4 RAM,64 bit Windows 11 Operating System,1 TB SSD,39.62 cm (15.6 inch) Display,1 Year Warranty + 1 Year Legion Ultimate Support + 1 Year ADP,"₹35,990"
101,ASUS ASUS TUF Gaming A17 Ryzen 7 Octa Core 4800H - (16 GB/512 GB SSD/Windows 10 Home/4 GB Graphics/NVI...,AMD Ryzen 5 Hexa Core Processor,16 GB DDR4 RAM,64 bit Windows 11 Operating System,1 TB HDD|256 GB SSD,35.56 cm (14 inch) Display,2 Years Warranty,"₹55,990"
102,ASUS ASUS TUF Gaming A17 Ryzen 7 Octa Core 4800H - (16 GB/512 GB SSD/Windows 10 Home/4 GB Graphics/NVI...,AMD Ryzen 5 Hexa Core Processor,16 GB DDR4 RAM,64 bit Windows 11 Operating System,512 GB SSD,39.62 cm (15.6 inch) Display,1 Year Onsite Warranty,"₹56,990"
103,ASUS ASUS TUF Gaming A17 Ryzen 7 Octa Core 4800H - (16 GB/512 GB SSD/Windows 10 Home/4 GB Graphics/NVI...,AMD Ryzen 5 Hexa Core Processor,16 GB DDR4 RAM,64 bit Windows 11 Operating System,512 GB SSD,39.62 cm (15.6 inch) Display,1 Year Warranty + 1 Year Premium Care + 1 Year ADP,"₹47,990"
104,ASUS ASUS TUF Gaming A17 Ryzen 7 Octa Core 4800H - (16 GB/512 GB SSD/Windows 10 Home/4 GB Graphics/NVI...,AMD Ryzen 5 Hexa Core Processor,16 GB DDR4 RAM,64 bit Windows 11 Operating System,512 GB SSD,39.62 cm (15.6 Inch) Display,1 Year Onsite Warranty,"₹56,990"
105,ASUS ASUS TUF Gaming A17 Ryzen 7 Octa Core 4800H - (16 GB/512 GB SSD/Windows 10 Home/4 GB Graphics/NVI...,AMD Ryzen 5 Hexa Core Processor,16 GB DDR4 RAM,Mac OS Operating System,512 GB SSD,33.78 cm (13.3 inch) Display,1 Year Onsite Warranty,"₹92,900"
106,ASUS ASUS TUF Gaming A17 Ryzen 7 Octa Core 4800H - (16 GB/512 GB SSD/Windows 10 Home/4 GB Graphics/NVI...,AMD Ryzen 5 Hexa Core Processor,16 GB DDR4 RAM,Mac OS Operating System,256 GB SSD,33.78 cm (13.3 inch) Display,1 year Onsite Warranty,"₹1,12,990"
107,ASUS ASUS TUF Gaming A17 Ryzen 7 Octa Core 4800H - (16 GB/512 GB SSD/Windows 10 Home/4 GB Graphics/NVI...,AMD Ryzen 5 Hexa Core Processor,16 GB DDR4 RAM,64 bit Windows 10 Operating System,256 GB SSD,39.62 cm (15.6 inch) Display,1 Year Warranty,"₹1,17,990"
108,ASUS ASUS TUF Gaming A17 Ryzen 7 Octa Core 4800H - (16 GB/512 GB SSD/Windows 10 Home/4 GB Graphics/NVI...,AMD Ryzen 5 Hexa Core Processor,16 GB DDR4 RAM,64 bit Windows 10 Operating System,512 GB SSD,39.62 cm (15.6 inch) Display,1 Year Onsite Warranty,"₹38,999"
109,ASUS ASUS TUF Gaming A17 Ryzen 7 Octa Core 4800H - (16 GB/512 GB SSD/Windows 10 Home/4 GB Graphics/NVI...,AMD Ryzen 5 Hexa Core Processor,16 GB DDR4 RAM,Windows 11 Operating System,1 TB HDD,39.62 cm (15.6 inch) Display,1 year Onsite Warranty,"₹41,699"
110,ASUS ASUS TUF Gaming A17 Ryzen 7 Octa Core 4800H - (16 GB/512 GB SSD/Windows 10 Home/4 GB Graphics/NVI...,AMD Ryzen 5 Hexa Core Processor,16 GB DDR4 RAM,64 bit Windows 10 Operating System,1 TB HDD,39.62 cm (15.6 inch) Display,1 Year Warranty + 1 Year Legion Ultimate Support + 1 Year ADP,"₹57,890"
111,ASUS ASUS TUF Gaming A17 Ryzen 7 Octa Core 4800H - (16 GB/512 GB SSD/Windows 10 Home/4 GB Graphics/NVI...,AMD Ryzen 5 Hexa Core Processor,16 GB DDR4 RAM,64 bit Windows 10 Operating System,512 GB SSD,39.62 cm (15.6 inch) Display,1 Year Onsite Warranty,"₹59,990"
112,ASUS ASUS TUF Gaming A17 Ryzen 7 Octa Core 4800H - (16 GB/512 GB SSD/Windows 10 Home/4 GB Graphics/NVI...,AMD Ryzen 5 Hexa Core Processor,16 GB DDR4 RAM,64 bit Windows 10 Operating System,512 GB SSD,35.56 cm (14 inch) Display,1 Year Onsite Warranty,"₹54,990"
113,ASUS ASUS TUF Gaming A17 Ryzen 7 Octa Core 4800H - (16 GB/512 GB SSD/Windows 10 Home/4 GB Graphics/NVI...,AMD Ryzen 5 Hexa Core Processor,16 GB DDR4 RAM,64 bit Windows 11 Operating System,512 GB SSD,38.0 cm (14.96 cm) Display,1 Year Onsite Warranty,"₹34,990"
114,ASUS ASUS TUF Gaming A17 Ryzen 7 Octa Core 4800H - (16 GB/512 GB SSD/Windows 10 Home/4 GB Graphics/NVI...,AMD Ryzen 5 Hexa Core Processor,16 GB DDR4 RAM,64 bit Windows 11 Operating System,256 GB SSD,35.56 cm (14 inch) Display,1 Year Onsite Warranty,"₹39,990"
115,ASUS ASUS TUF Gaming A17 Ryzen 7 Octa Core 4800H - (16 GB/512 GB SSD/Windows 10 Home/4 GB Graphics/NVI...,AMD Ryzen 5 Hexa Core Processor,16 GB DDR4 RAM,64 bit Windows 10 Operating System,512 GB SSD,35.56 cm (14 inch) Display,1 Year Onsite Warranty,"₹29,990"
116,ASUS ASUS TUF Gaming A17 Ryzen 7 Octa Core 4800H - (16 GB/512 GB SSD/Windows 10 Home/4 GB Graphics/NVI...,AMD Ryzen 5 Hexa Core Processor,16 GB DDR4 RAM,Mac OS Operating System,256 GB SSD,33.78 cm (13.3 inch) Display,1 Year Onsite Warranty,"₹1,12,490"
117,ASUS ASUS TUF Gaming A17 Ryzen 7 Octa Core 4800H - (16 GB/512 GB SSD/Windows 10 Home/4 GB Graphics/NVI...,AMD Ryzen 5 Hexa Core Processor,16 GB DDR4 RAM,64 bit Windows 10 Operating System,512 GB SSD,39.62 cm (15.6 inch) Display,1 Year Onsite Warranty,"₹23,990"
118,ASUS ASUS TUF Gaming A17 Ryzen 7 Octa Core 4800H - (16 GB/512 GB SSD/Windows 10 Home/4 GB Graphics/NVI...,AMD Ryzen 5 Hexa Core Processor,16 GB DDR4 RAM,Windows 11 Operating System,1 TB HDD,39.62 cm (15.6 inch) Display,2 Year On-Site Warranty,"₹84,990"
119,ASUS ASUS TUF Gaming A17 Ryzen 7 Octa Core 4800H - (16 GB/512 GB SSD/Windows 10 Home/4 GB Graphics/NVI...,AMD Ryzen 5 Hexa Core Processor,16 GB DDR4 RAM,64 bit Windows 10 Operating System,512 GB SSD,39.62 cm (15.6 inch) Display,1 Year Warranty + 1 Year Premium Care + 1 Year ADP,"₹67,990"
120,ASUS ASUS TUF Gaming A17 Ryzen 7 Octa Core 4800H - (16 GB/512 GB SSD/Windows 10 Home/4 GB Graphics/NVI...,AMD Ryzen 5 Hexa Core Processor,16 GB DDR4 RAM,64 bit Windows 11 Operating System,1 TB HDD|256 GB SSD,35.81 cm (14.1 Inch) Display,1 Year Onsite Warranty,"₹21,990"
121,ASUS ASUS TUF Gaming A17 Ryzen 7 Octa Core 4800H - (16 GB/512 GB SSD/Windows 10 Home/4 GB Graphics/NVI...,AMD Ryzen 5 Hexa Core Processor,16 GB DDR4 RAM,64 bit Windows 10 Operating System,128 GB SSD,39.62 cm (15.6 Inch) Display,1 Year Onsite Warranty,"₹41,990"
122,ASUS ASUS TUF Gaming A17 Ryzen 7 Octa Core 4800H - (16 GB/512 GB SSD/Windows 10 Home/4 GB Graphics/NVI...,AMD Ryzen 5 Hexa Core Processor,16 GB DDR4 RAM,64 bit Windows 11 Operating System,1 TB HDD,"15.6 inch Full HD AG Display (250 nits Brightness, 120Hz, Narrow Border)",1 Year Onsite Warranty,"₹69,490"
123,ASUS ASUS TUF Gaming A17 Ryzen 7 Octa Core 4800H - (16 GB/512 GB SSD/Windows 10 Home/4 GB Graphics/NVI...,AMD Ryzen 5 Hexa Core Processor,16 GB DDR4 RAM,64 bit Windows 10 Operating System,512 GB SSD,39.62 cm (15.6 inch) Display,1 Year Onsite Warranty,"₹72,990"
124,ASUS ASUS TUF Gaming A17 Ryzen 7 Octa Core 4800H - (16 GB/512 GB SSD/Windows 10 Home/4 GB Graphics/NVI...,AMD Ryzen 5 Hexa Core Processor,16 GB DDR4 RAM,64 bit Windows 11 Operating System,1 TB SSD,35.56 cm (14 inch) Display,1 Year Onsite Warranty,"₹54,990"
125,ASUS ASUS TUF Gaming A17 Ryzen 7 Octa Core 4800H - (16 GB/512 GB SSD/Windows 10 Home/4 GB Graphics/NVI...,AMD Ryzen 5 Hexa Core Processor,16 GB DDR4 RAM,Mac OS Operating System,512 GB SSD,35.56 cm (14 Inch) Display,1 Year Onsite Warranty,"₹92,900"
126,ASUS ASUS TUF Gaming A17 Ryzen 7 Octa Core 4800H - (16 GB/512 GB SSD/Windows 10 Home/4 GB Graphics/NVI...,AMD Ryzen 5 Hexa Core Processor,16 GB DDR4 RAM,64 bit Windows 11 Operating System,256 GB SSD,33.78 cm (13.3 inch) Display,1 Year International Travelers Warranty (ITW),"₹35,990"
127,ASUS ASUS TUF Gaming A17 Ryzen 7 Octa Core 4800H - (16 GB/512 GB SSD/Windows 10 Home/4 GB Graphics/NVI...,AMD Ryzen 5 Hexa Core Processor,16 GB DDR4 RAM,64 bit Windows 10 Operating System,1 TB HDD|256 GB SSD,35.56 cm (14 inch) Display,1 Year Onsite Warranty,"₹79,990"
128,ASUS ASUS TUF Gaming A17 Ryzen 7 Octa Core 4800H - (16 GB/512 GB SSD/Windows 10 Home/4 GB Graphics/NVI...,AMD Ryzen 5 Hexa Core Processor,16 GB DDR4 RAM,64 bit Windows 10 Operating System,512 GB SSD,35.56 cm (14 inch) Display,1 Year Onsite Warranty,"₹75,990"
129,ASUS ASUS TUF Gaming A17 Ryzen 7 Octa Core 4800H - (16 GB/512 GB SSD/Windows 10 Home/4 GB Graphics/NVI...,AMD Ryzen 5 Hexa Core Processor,16 GB DDR4 RAM,64 bit Windows 10 Operating System,512 GB SSD,39.62 cm (15.6 inch) Display,1 Year Onsite Warranty,"₹65,990"
130,ASUS ASUS TUF Gaming A17 Ryzen 7 Octa Core 4800H - (16 GB/512 GB SSD/Windows 10 Home/4 GB Graphics/NVI...,AMD Ryzen 5 Hexa Core Processor,16 GB DDR4 RAM,64 bit Windows 10 Operating System,1 TB HDD|256 GB SSD,39.62 cm (15.6 inch) Display,1 Year Onsite Warranty,"₹59,990"
131,ASUS ASUS TUF Gaming A17 Ryzen 7 Octa Core 4800H - (16 GB/512 GB SSD/Windows 10 Home/4 GB Graphics/NVI...,AMD Ryzen 5 Hexa Core Processor,16 GB DDR4 RAM,Windows 10 Operating System,512 GB SSD,39.62 cm (15.6 inch) Display,1 Year Onsite Warranty,"₹73,990"
132,ASUS ASUS TUF Gaming A17 Ryzen 7 Octa Core 4800H - (16 GB/512 GB SSD/Windows 10 Home/4 GB Graphics/NVI...,AMD Ryzen 5 Hexa Core Processor,16 GB DDR4 RAM,64 bit Windows 10 Operating System,512 GB SSD,43.94 cm (17.3 inch) Display,2 Years Warranty,"₹99,990"
133,ASUS ASUS TUF Gaming A17 Ryzen 7 Octa Core 4800H - (16 GB/512 GB SSD/Windows 10 Home/4 GB Graphics/NVI...,AMD Ryzen 5 Hexa Core Processor,16 GB DDR4 RAM,64 bit Windows 11 Operating System,1 TB HDD|256 GB SSD,39.62 cm (15.6 inch) Display,1 Year Onsite Warranty,"₹43,990"
134,ASUS ASUS TUF Gaming A17 Ryzen 7 Octa Core 4800H - (16 GB/512 GB SSD/Windows 10 Home/4 GB Graphics/NVI...,AMD Ryzen 5 Hexa Core Processor,16 GB DDR4 RAM,64 bit Windows 10 Operating System,1 TB HDD|256 GB SSD,38.0 cm (14.96 Inch) Display,1 Year Onsite Warranty,"₹35,990"
135,ASUS ASUS TUF Gaming A17 Ryzen 7 Octa Core 4800H - (16 GB/512 GB SSD/Windows 10 Home/4 GB Graphics/NVI...,AMD Ryzen 5 Hexa Core Processor,16 GB DDR4 RAM,64 bit Windows 11 Operating System,1 TB HDD,35.56 cm (14 inch) Display,1 Year Onsite Warranty,"₹1,22,804"
136,ASUS ASUS TUF Gaming A17 Ryzen 7 Octa Core 4800H - (16 GB/512 GB SSD/Windows 10 Home/4 GB Graphics/NVI...,AMD Ryzen 5 Hexa Core Processor,16 GB DDR4 RAM,64 bit Windows 10 Operating System,512 GB SSD,40.89 cm (16.1 Inch) Display,1 Year Onsite Warranty,"₹65,999"
137,ASUS ASUS TUF Gaming A17 Ryzen 7 Octa Core 4800H - (16 GB/512 GB SSD/Windows 10 Home/4 GB Graphics/NVI...,AMD Ryzen 5 Hexa Core Processor,16 GB DDR4 RAM,64 bit Windows 11 Operating System,512 GB SSD,33.78 cm (13.3 inch) Display,1 Year Onsite Warranty,"₹48,999"
138,ASUS ASUS TUF Gaming A17 Ryzen 7 Octa Core 4800H - (16 GB/512 GB SSD/Windows 10 Home/4 GB Graphics/NVI...,AMD Ryzen 5 Hexa Core Processor,16 GB DDR4 RAM,64 bit Windows 11 Operating System,1 TB HDD,39.62 cm (15.6 Inch) Display,1 Year Onsite Warranty,"₹67,990"
139,ASUS ASUS TUF Gaming A17 Ryzen 7 Octa Core 4800H - (16 GB/512 GB SSD/Windows 10 Home/4 GB Graphics/NVI...,AMD Ryzen 5 Hexa Core Processor,16 GB DDR4 RAM,64 bit Windows 10 Operating System,512 GB SSD,"15.6 inch Full HD AG Display (250 nits Brightness, 120Hz, Narrow Border)",1 Year Onsite Warranty,"₹99,990"
140,ASUS ASUS TUF Gaming A17 Ryzen 7 Octa Core 4800H - (16 GB/512 GB SSD/Windows 10 Home/4 GB Graphics/NVI...,AMD Ryzen 5 Hexa Core Processor,16 GB DDR4 RAM,64 bit Windows 11 Operating System,1 TB SSD,39.62 cm (15.6 inch) Display,1 Year Onsite Warranty,"₹41,990"
141,ASUS ASUS TUF Gaming A17 Ryzen 7 Octa Core 4800H - (16 GB/512 GB SSD/Windows 10 Home/4 GB Graphics/NVI...,AMD Ryzen 5 Hexa Core Processor,16 GB DDR4 RAM,64 bit Windows 8.1 Operating System,512 GB SSD,35.56 cm (14 Inch) Display,1 Year Onsite Warranty,"₹36,990"
142,ASUS ASUS TUF Gaming A17 Ryzen 7 Octa Core 4800H - (16 GB/512 GB SSD/Windows 10 Home/4 GB Graphics/NVI...,AMD Ryzen 5 Hexa Core Processor,16 GB DDR4 RAM,64 bit Windows 11 Operating System,512 GB SSD,39.62 cm (15.6 inch) Display,1 Year Onsite Warranty,"₹39,990"
143,ASUS ASUS TUF Gaming A17 Ryzen 7 Octa Core 4800H - (16 GB/512 GB SSD/Windows 10 Home/4 GB Graphics/NVI...,AMD Ryzen 5 Hexa Core Processor,16 GB DDR4 RAM,64 bit Windows 11 Operating System,512 GB SSD,39.62 cm (15.6 inch) Display,1 Year Onsite Warranty,"₹1,06,990"
144,ASUS ASUS TUF Gaming A17 Ryzen 7 Octa Core 4800H - (16 GB/512 GB SSD/Windows 10 Home/4 GB Graphics/NVI...,AMD Ryzen 5 Hexa Core Processor,16 GB DDR4 RAM,64 bit Windows 11 Operating System,512 GB SSD,39.62 cm (15.6 inch) Display,1 Year Onsite Warranty,"₹33,990"
145,ASUS ASUS TUF Gaming A17 Ryzen 7 Octa Core 4800H - (16 GB/512 GB SSD/Windows 10 Home/4 GB Graphics/NVI...,AMD Ryzen 5 Hexa Core Processor,16 GB DDR4 RAM,64 bit Windows 11 Operating System,256 GB SSD,39.62 cm (15.6 Inch) Display,"1 Year Limited Hardware Warranty, In Home Service After Remote Diagnosis - Retail","₹61,890"
146,ASUS ASUS TUF Gaming A17 Ryzen 7 Octa Core 4800H - (16 GB/512 GB SSD/Windows 10 Home/4 GB Graphics/NVI...,AMD Ryzen 5 Hexa Core Processor,16 GB DDR4 RAM,64 bit Windows 10 Operating System,512 GB SSD,35.56 cm (14 Inch) Display,1 Year Onsite Warranty,"₹42,990"
147,ASUS ASUS TUF Gaming A17 Ryzen 7 Octa Core 4800H - (16 GB/512 GB SSD/Windows 10 Home/4 GB Graphics/NVI...,AMD Ryzen 5 Hexa Core Processor,16 GB DDR4 RAM,64 bit Windows 10 Operating System,512 GB SSD,35.56 cm (14 inch) Display,2 Years Warranty,"₹75,990"
148,ASUS ASUS TUF Gaming A17 Ryzen 7 Octa Core 4800H - (16 GB/512 GB SSD/Windows 10 Home/4 GB Graphics/NVI...,AMD Ryzen 5 Hexa Core Processor,16 GB DDR4 RAM,64 bit Windows 11 Operating System,512 GB SSD,39.62 cm (15.6 inch) Display,1 Year Onsite Warranty,"₹39,990"
149,ASUS ASUS TUF Gaming A17 Ryzen 7 Octa Core 4800H - (16 GB/512 GB SSD/Windows 10 Home/4 GB Graphics/NVI...,AMD Ryzen 5 Hexa Core Processor,16 GB DDR4 RAM,64 bit Windows 10 Operating System,512 GB SSD,39.62 cm (15.6 inch) Display,2 Year On-Site Warranty,"₹61,990"
150,ASUS ASUS TUF Gaming A17 Ryzen 7 Octa Core 4800H - (16 GB/512 GB SSD/Windows 10 Home/4 GB Graphics/NVI...,AMD Ryzen 5 Hexa Core Processor,16 GB DDR4 RAM,Windows 10 Operating System,512 GB SSD,39.62 cm (15.6 inch) Display,1 Year Limited Warranty,"₹37,999"
151,ASUS ASUS TUF Gaming A17 Ryzen 7 Octa Core 4800H - (16 GB/512 GB SSD/Windows 10 Home/4 GB Graphics/NVI...,AMD Ryzen 5 Hexa Core Processor,16 GB DDR4 RAM,Windows 10 Operating System,512 GB SSD,39.62 cm (15.6 inch) Display,1 Year Onsite Warranty,"₹73,990"
152,ASUS ASUS TUF Gaming A17 Ryzen 7 Octa Core 4800H - (16 GB/512 GB SSD/Windows 10 Home/4 GB Graphics/NVI...,AMD Ryzen 5 Hexa Core Processor,16 GB DDR4 RAM,64 bit Windows 10 Operating System,512 GB SSD,39.62 cm (15.6 Inch) Display,1 Year Onsite Warranty,"₹34,990"
153,ASUS ASUS TUF Gaming A17 Ryzen 7 Octa Core 4800H - (16 GB/512 GB SSD/Windows 10 Home/4 GB Graphics/NVI...,AMD Ryzen 5 Hexa Core Processor,16 GB DDR4 RAM,Windows 11 Operating System,1 TB HDD,43.94 cm (17.3 inch) Display,1 Year Onsite Warranty,"₹89,990"
154,ASUS ASUS TUF Gaming A17 Ryzen 7 Octa Core 4800H - (16 GB/512 GB SSD/Windows 10 Home/4 GB Graphics/NVI...,AMD Ryzen 5 Hexa Core Processor,16 GB DDR4 RAM,64 bit Windows 10 Operating System,512 GB SSD,35.56 cm (14 inch) Display,1 Year Onsite Warranty,"₹1,09,990"
155,ASUS ASUS TUF Gaming A17 Ryzen 7 Octa Core 4800H - (16 GB/512 GB SSD/Windows 10 Home/4 GB Graphics/NVI...,AMD Ryzen 5 Hexa Core Processor,16 GB DDR4 RAM,64 bit Windows 11 Operating System,1 TB SSD,35.56 cm (14 inch) Display,1 Year International Travelers Warranty (ITW),"₹1,22,804"
156,ASUS ASUS TUF Gaming A17 Ryzen 7 Octa Core 4800H - (16 GB/512 GB SSD/Windows 10 Home/4 GB Graphics/NVI...,AMD Ryzen 5 Hexa Core Processor,16 GB DDR4 RAM,64 bit Chrome Operating System,512 GB SSD,39.62 cm (15.6 inch) Display,1 Year Onsite Warranty,"₹27,490"
157,ASUS ASUS TUF Gaming A17 Ryzen 7 Octa Core 4800H - (16 GB/512 GB SSD/Windows 10 Home/4 GB Graphics/NVI...,AMD Ryzen 5 Hexa Core Processor,16 GB DDR4 RAM,64 bit Windows 11 Operating System,512 GB SSD,40.89 cm (16.1 Inch) Display,1 Year Onsite Warranty,"₹49,990"
158,ASUS ASUS TUF Gaming A17 Ryzen 7 Octa Core 4800H - (16 GB/512 GB SSD/Windows 10 Home/4 GB Graphics/NVI...,AMD Ryzen 5 Hexa Core Processor,16 GB DDR4 RAM,64 bit Windows 10 Operating System,512 GB SSD,35.56 cm (14 Inch) Touchscreen Display,1 Year Onsite Warranty,"₹59,990"
159,ASUS ASUS TUF Gaming A17 Ryzen 7 Octa Core 4800H - (16 GB/512 GB SSD/Windows 10 Home/4 GB Graphics/NVI...,AMD Ryzen 5 Hexa Core Processor,16 GB DDR4 RAM,64 bit Windows 11 Operating System,1 TB HDD|256 GB SSD,35.56 cm (14 inch) Display,1 Year Onsite Warranty,"₹54,990"
160,ASUS ASUS TUF Gaming A17 Ryzen 7 Octa Core 4800H - (16 GB/512 GB SSD/Windows 10 Home/4 GB Graphics/NVI...,AMD Ryzen 5 Hexa Core Processor,16 GB DDR4 RAM,64 bit Windows 11 Operating System,512 GB SSD,38.0 cm (14.96 Inch) Display,1 Year International Travelers Warranty (ITW),"₹71,990"
161,ASUS ASUS TUF Gaming A17 Ryzen 7 Octa Core 4800H - (16 GB/512 GB SSD/Windows 10 Home/4 GB Graphics/NVI...,AMD Ryzen 5 Hexa Core Processor,16 GB DDR4 RAM,64 bit Windows 10 Operating System,1 TB HDD,39.62 cm (15.6 inch) Display,1 Year Onsite Warranty,"₹35,490"
162,ASUS ASUS TUF Gaming A17 Ryzen 7 Octa Core 4800H - (16 GB/512 GB SSD/Windows 10 Home/4 GB Graphics/NVI...,AMD Ryzen 5 Hexa Core Processor,16 GB DDR4 RAM,64 bit Windows 11 Operating System,512 GB SSD,"15.6 inch Full HD AG Display (250 nits Brightness, 120Hz, Narrow Border)",1 Year Onsite Warranty,"₹39,990"
163,ASUS ASUS TUF Gaming A17 Ryzen 7 Octa Core 4800H - (16 GB/512 GB SSD/Windows 10 Home/4 GB Graphics/NVI...,AMD Ryzen 5 Hexa Core Processor,16 GB DDR4 RAM,64 bit Windows 11 Operating System,1 TB HDD|256 GB SSD,39.62 cm (15.6 inch) Display,1 Year Onsite Warranty,"₹54,990"
164,ASUS ASUS TUF Gaming A17 Ryzen 7 Octa Core 4800H - (16 GB/512 GB SSD/Windows 10 Home/4 GB Graphics/NVI...,AMD Ryzen 5 Hexa Core Processor,16 GB DDR4 RAM,64 bit Windows 10 Operating System,1 TB SSD,39.62 cm (15.6 inch) Display,"1 Year Limited Hardware Warranty, In Home Service After Remote Diagnosis - Retail","₹92,990"
165,ASUS ASUS TUF Gaming A17 Ryzen 7 Octa Core 4800H - (16 GB/512 GB SSD/Windows 10 Home/4 GB Graphics/NVI...,AMD Ryzen 5 Hexa Core Processor,16 GB DDR4 RAM,Mac OS Operating System,512 GB SSD,35.56 cm (14 Inch) Display,1 Year Warranty Term,"₹1,79,990"
166,ASUS ASUS TUF Gaming A17 Ryzen 7 Octa Core 4800H - (16 GB/512 GB SSD/Windows 10 Home/4 GB Graphics/NVI...,AMD Ryzen 5 Hexa Core Processor,16 GB DDR4 RAM,64 bit Windows 10 Operating System,1 TB SSD,39.62 cm (15.6 inch) Display,1 Year Onsite Warranty,"₹72,990"
167,ASUS ASUS TUF Gaming A17 Ryzen 7 Octa Core 4800H - (16 GB/512 GB SSD/Windows 10 Home/4 GB Graphics/NVI...,AMD Ryzen 5 Hexa Core Processor,16 GB DDR4 RAM,64 bit Windows 11 Operating System,512 GB SSD,39.62 cm (15.6 inches) Display,1 Year Onsite Warranty,"₹60,990"
168,ASUS ASUS TUF Gaming A17 Ryzen 7 Octa Core 4800H - (16 GB/512 GB SSD/Windows 10 Home/4 GB Graphics/NVI...,AMD Ryzen 5 Hexa Core Processor,16 GB DDR4 RAM,64 bit Windows 10 Operating System,512 GB SSD,36.07 cm (14.2 inch) Display,1 Year Onsite Warranty,"₹59,990"
169,ASUS ASUS TUF Gaming A17 Ryzen 7 Octa Core 4800H - (16 GB/512 GB SSD/Windows 10 Home/4 GB Graphics/NVI...,AMD Ryzen 5 Hexa Core Processor,16 GB DDR4 RAM,64 bit Windows 10 Operating System,1 TB SSD,35.56 cm (14 inch) Display,1 Year International Travelers Warranty (ITW),"₹1,05,990"
170,ASUS ASUS TUF Gaming A17 Ryzen 7 Octa Core 4800H - (16 GB/512 GB SSD/Windows 10 Home/4 GB Graphics/NVI...,AMD Ryzen 5 Hexa Core Processor,16 GB DDR4 RAM,64 bit Windows 10 Operating System,1 TB HDD,39.62 cm (15.6 Inch) Display,1 Year Onsite Warranty,"₹35,990"
171,ASUS ASUS TUF Gaming A17 Ryzen 7 Octa Core 4800H - (16 GB/512 GB SSD/Windows 10 Home/4 GB Graphics/NVI...,AMD Ryzen 5 Hexa Core Processor,16 GB DDR4 RAM,64 bit Windows 10 Operating System,512 GB SSD,35.56 cm (14 inch) Display,1 Year Onsite Warranty,"₹79,990"
172,ASUS ASUS TUF Gaming A17 Ryzen 7 Octa Core 4800H - (16 GB/512 GB SSD/Windows 10 Home/4 GB Graphics/NVI...,AMD Ryzen 5 Hexa Core Processor,16 GB DDR4 RAM,64 bit Windows 11 Operating System,256 GB SSD,34.04 cm (13.4 Inch) Touchscreen Display,1 Year Onsite Warranty,"₹37,499"
173,ASUS ASUS TUF Gaming A17 Ryzen 7 Octa Core 4800H - (16 GB/512 GB SSD/Windows 10 Home/4 GB Graphics/NVI...,AMD Ryzen 5 Hexa Core Processor,16 GB DDR4 RAM,64 bit Windows 10 Operating System,256 GB SSD,39.62 cm (15.6 inch) Display,2 Year Warranty Term for Gaming & Content Creation (EU-WE),"₹39,390"
174,ASUS ASUS TUF Gaming A17 Ryzen 7 Octa Core 4800H - (16 GB/512 GB SSD/Windows 10 Home/4 GB Graphics/NVI...,AMD Ryzen 5 Hexa Core Processor,16 GB DDR4 RAM,64 bit Windows 10 Operating System,512 GB SSD,35.56 cm (14 inch) Display,1 Year Onsite Warranty,"₹80,990"
175,ASUS ASUS TUF Gaming A17 Ryzen 7 Octa Core 4800H - (16 GB/512 GB SSD/Windows 10 Home/4 GB Graphics/NVI...,AMD Ryzen 5 Hexa Core Processor,16 GB DDR4 RAM,Windows 10 Operating System,512 GB SSD,39.62 cm (15.6 inch) Display,1 Year Onsite Warranty,"₹73,990"
176,ASUS ASUS TUF Gaming A17 Ryzen 7 Octa Core 4800H - (16 GB/512 GB SSD/Windows 10 Home/4 GB Graphics/NVI...,AMD Ryzen 5 Hexa Core Processor,16 GB DDR4 RAM,64 bit Windows 10 Operating System,512 GB SSD,39.62 cm (15.6 inches) Display,1 Year Onsite Warranty,"₹46,990"
177,ASUS ASUS TUF Gaming A17 Ryzen 7 Octa Core 4800H - (16 GB/512 GB SSD/Windows 10 Home/4 GB Graphics/NVI...,AMD Ryzen 5 Hexa Core Processor,16 GB DDR4 RAM,64 bit Windows 10 Operating System,512 GB SSD,43.94 cm (17.3 inch) Display,1 Year Onsite Warranty,"₹58,990"
178,ASUS ASUS TUF Gaming A17 Ryzen 7 Octa Core 4800H - (16 GB/512 GB SSD/Windows 10 Home/4 GB Graphics/NVI...,AMD Ryzen 5 Hexa Core Processor,16 GB DDR4 RAM,64 bit Windows 10 Operating System,1 TB HDD|256 GB SSD,43.94 cm (17.3 inch) Display,1 Year Onsite Warranty,"₹76,490"
179,ASUS ASUS TUF Gaming A17 Ryzen 7 Octa Core 4800H - (16 GB/512 GB SSD/Windows 10 Home/4 GB Graphics/NVI...,AMD Ryzen 5 Hexa Core Processor,16 GB DDR4 RAM,64 bit Windows 10 Operating System,1 TB SSD,39.62 cm (15.6 inch) Display,1 Year Onsite Warranty,"₹99,990"
180,ASUS ASUS TUF Gaming A17 Ryzen 7 Octa Core 4800H - (16 GB/512 GB SSD/Windows 10 Home/4 GB Graphics/NVI...,AMD Ryzen 5 Hexa Core Processor,16 GB DDR4 RAM,64 bit Windows 11 Operating System,1 TB HDD|256 GB SSD,39.62 cm (15.6 inch) Display,1 Year International Travelers Warranty,"₹65,990"
181,ASUS ASUS TUF Gaming A17 Ryzen 7 Octa Core 4800H - (16 GB/512 GB SSD/Windows 10 Home/4 GB Graphics/NVI...,AMD Ryzen 5 Hexa Core Processor,16 GB DDR4 RAM,64 bit Windows 10 Operating System,256 GB SSD,39.62 cm (15.6 inch) Display,1 Year Warranty + 1 Year Premium Care + 1 Year ADP,"₹36,057"
182,ASUS ASUS TUF Gaming A17 Ryzen 7 Octa Core 4800H - (16 GB/512 GB SSD/Windows 10 Home/4 GB Graphics/NVI...,AMD Ryzen 5 Hexa Core Processor,16 GB DDR4 RAM,64 bit Windows 10 Operating System,512 GB SSD,35.56 cm (14 Inch) Display,1 Year Onsite Warranty,"₹52,990"
183,ASUS ASUS TUF Gaming A17 Ryzen 7 Octa Core 4800H - (16 GB/512 GB SSD/Windows 10 Home/4 GB Graphics/NVI...,AMD Ryzen 5 Hexa Core Processor,16 GB DDR4 RAM,64 bit Windows 10 Operating System,1 TB SSD,39.62 cm (15.6 inch) Display,1 Year Onsite Warranty,"₹72,990"
184,ASUS ASUS TUF Gaming A17 Ryzen 7 Octa Core 4800H - (16 GB/512 GB SSD/Windows 10 Home/4 GB Graphics/NVI...,AMD Ryzen 5 Hexa Core Processor,16 GB DDR4 RAM,Windows 11 Operating System,512 GB SSD,35.56 cm (14 inch) Display,1 Year Onsite Warranty,"₹90,990"
185,ASUS ASUS TUF Gaming A17 Ryzen 7 Octa Core 4800H - (16 GB/512 GB SSD/Windows 10 Home/4 GB Graphics/NVI...,AMD Ryzen 5 Hexa Core Processor,16 GB DDR4 RAM,64 bit Windows 11 Operating System,512 GB SSD,35.56 cm (14 inch) Display,1 Year Onsite Warranty,"₹75,490"
186,ASUS ASUS TUF Gaming A17 Ryzen 7 Octa Core 4800H - (16 GB/512 GB SSD/Windows 10 Home/4 GB Graphics/NVI...,AMD Ryzen 5 Hexa Core Processor,16 GB DDR4 RAM,64 bit Windows 10 Operating System,512 GB SSD,35.56 cm (14 inch) Display,1 Year Onsite Warranty,"₹49,990"
187,ASUS ASUS TUF Gaming A17 Ryzen 7 Octa Core 4800H - (16 GB/512 GB SSD/Windows 10 Home/4 GB Graphics/NVI...,AMD Ryzen 5 Hexa Core Processor,16 GB DDR4 RAM,Windows 10 Operating System,1 TB SSD,35.56 cm (14 inch) Display,1 Year Onsite Warranty,"₹1,49,990"
188,ASUS ASUS TUF Gaming A17 Ryzen 7 Octa Core 4800H - (16 GB/512 GB SSD/Windows 10 Home/4 GB Graphics/NVI...,AMD Ryzen 5 Hexa Core Processor,16 GB DDR4 RAM,64 bit Windows 10 Operating System,256 GB SSD,35.56 cm (14 Inch) Touchscreen Display,1 Year Onsite Warranty,"₹47,990"
189,ASUS ASUS TUF Gaming A17 Ryzen 7 Octa Core 4800H - (16 GB/512 GB SSD/Windows 10 Home/4 GB Graphics/NVI...,AMD Ryzen 5 Hexa Core Processor,16 GB DDR4 RAM,64 bit Windows 10 Operating System,512 GB SSD,39.62 cm (15.6 inch) Display,1 Year Warranty + 1 Year Premium Care + 1 Year ADP,"₹60,990"
190,ASUS ASUS TUF Gaming A17 Ryzen 7 Octa Core 4800H - (16 GB/512 GB SSD/Windows 10 Home/4 GB Graphics/NVI...,AMD Ryzen 5 Hexa Core Processor,16 GB DDR4 RAM,64 bit Windows 10 Operating System,512 GB SSD,39.62 cm (15.6 inch) Display,1 Year Onsite Warranty,"₹83,990"
191,ASUS ASUS TUF Gaming A17 Ryzen 7 Octa Core 4800H - (16 GB/512 GB SSD/Windows 10 Home/4 GB Graphics/NVI...,AMD Ryzen 5 Hexa Core Processor,16 GB DDR4 RAM,64 bit Windows 10 Operating System,512 GB SSD,35.56 cm (14 inch) Display,1 Year Onsite Warranty,"₹75,990"
192,ASUS ASUS TUF Gaming A17 Ryzen 7 Octa Core 4800H - (16 GB/512 GB SSD/Windows 10 Home/4 GB Graphics/NVI...,AMD Ryzen 5 Hexa Core Processor,16 GB DDR4 RAM,64 bit Windows 11 Operating System,1 TB HDD|256 GB SSD,35.56 cm (14 inch) Display,1 Year Onsite Warranty,"₹34,990"
193,ASUS ASUS TUF Gaming A17 Ryzen 7 Octa Core 4800H - (16 GB/512 GB SSD/Windows 10 Home/4 GB Graphics/NVI...,AMD Ryzen 5 Hexa Core Processor,16 GB DDR4 RAM,64 bit Windows 11 Operating System,512 GB SSD,39.62 cm (15.6 inch) Display,1 Year Onsite Warranty,"₹68,690"
194,ASUS ASUS TUF Gaming A17 Ryzen 7 Octa Core 4800H - (16 GB/512 GB SSD/Windows 10 Home/4 GB Graphics/NVI...,AMD Ryzen 5 Hexa Core Processor,16 GB DDR4 RAM,64 bit Windows 10 Operating System,512 GB SSD,39.62 cm (15.6 inch) Display,1 Year Onsite Warranty,"₹63,990"
195,ASUS ASUS TUF Gaming A17 Ryzen 7 Octa Core 4800H - (16 GB/512 GB SSD/Windows 10 Home/4 GB Graphics/NVI...,AMD Ryzen 5 Hexa Core Processor,16 GB DDR4 RAM,64 bit Windows 10 Operating System,512 GB SSD,35.56 cm (14 inch) Display,1 Year Onsite Warranty,"₹79,990"
196,ASUS ASUS TUF Gaming A17 Ryzen 7 Octa Core 4800H - (16 GB/512 GB SSD/Windows 10 Home/4 GB Graphics/NVI...,AMD Ryzen 5 Hexa Core Processor,16 GB DDR4 RAM,64 bit Windows 10 Operating System,512 GB SSD,39.62 cm (15.6 inch) Display,2 Year On-Site Warranty,"₹59,990"
197,ASUS ASUS TUF Gaming A17 Ryzen 7 Octa Core 4800H - (16 GB/512 GB SSD/Windows 10 Home/4 GB Graphics/NVI...,AMD Ryzen 5 Hexa Core Processor,16 GB DDR4 RAM,64 bit Windows 11 Operating System,512 GB SSD,39.62 cm (15.6 inch) Display,1 Year Onsite Warranty,"₹32,990"
198,ASUS ASUS TUF Gaming A17 Ryzen 7 Octa Core 4800H - (16 GB/512 GB SSD/Windows 10 Home/4 GB Graphics/NVI...,AMD Ryzen 5 Hexa Core Processor,16 GB DDR4 RAM,64 bit Windows 11 Operating System,512 GB SSD,35.56 cm (14 inch) Display,1 Year Onsite Warranty,"₹69,990"
